Name,College Name,Start Date,End Date,College Email ID
Amani Mandal,MIT WPU,2023-09-08,2027-09-07,oreddy@mitwpu.in
Riaan Srivastava,VIT,2023-11-15,2027-11-14,surzain@vit.in
Himmat Singh,MIT WPU,2023-06-03,2027-06-02,kiaanbora@mitwpu.in
Saanvi Aurora,VIT,2023-05-09,2027-05-08,birkismat@vit.in
Azad Vaidya,KIIT,2023-06-24,2027-06-23,pdubey@kiit.in
Aayush Sura,KIIT,2023-05-05,2027-05-04,vtalwar@kiit.in
Inaaya  Mahajan,MIT WPU,2023-07-19,2027-07-18,dhruv01@mitwpu.in
Nehmat Ganguly,IIT D,2023-09-10,2027-09-09,ktailor@iitd.in
Tara Lalla,KIIT,2023-01-04,2027-01-03,parinaaz46@kiit.in
Taimur Mannan,MIT WPU,2022-12-06,2026-12-05,jayandas@mitwpu.in
Pranay Sanghvi,IIT D,2023-02-17,2027-02-16,ishaanbehl@iitd.in
Vaibhav Keer,MIT WPU,2023-03-13,2027-03-12,stuvan68@mitwpu.in
Rati Sunder,MIT WPU,2023-07-19,2027-07-18,sarnalagan@mitwpu.in
Elakshi Bumb,MIT WPU,2023-08-07,2027-08-06,saanviwable@mitwpu.in
Trisha Sandhu,KIIT,2023-11-06,2027-11-05,fravi@kiit.in
Kartik Singhal,KIIT,2023-02-17,2027-02-16,raniasundaram@kiit.in
Advik Basu,IIT D,2023-05-01,2027-04-30,mannatlata@iitd.in
Lakshit Vala,IIT D,2023-06-10,2027-06-09,vanya42@iitd.in
Himmat Rattan,IIT D,2023-03-20,2027-03-19,divanrohan@iitd.in
Misha Kala,KIIT,2023-04-08,2027-04-07,arnav16@kiit.in
Tiya Bava,KIIT,2023-06-30,2027-06-29,qroy@kiit.in
Yuvaan Sahota,KIIT,2023-04-11,2027-04-10,lagarwal@kiit.in
Yasmin Som,MIT WPU,2023-08-10,2027-08-09,byogi@mitwpu.in
Nakul Choudhury,MIT WPU,2023-08-08,2027-08-07,ishaan49@mitwpu.in
Hrishita Srinivasan,KIIT,2023-07-08,2027-07-07,gsabharwal@kiit.in
Taran Jayaraman,IIT D,2023-05-08,2027-05-07,tellatrisha@iitd.in
Nitya Viswanathan,MIT WPU,2023-01-20,2027-01-19,rati11@mitwpu.in
Tarini Kulkarni,MIT WPU,2023-01-12,2027-01-11,somanahi@mitwpu.in
Anvi Randhawa,KIIT,2023-06-18,2027-06-17,azadsampath@kiit.in
Nirvi Saxena,IIT D,2023-11-21,2027-11-20,aarushkadakia@iitd.in
Ahana  Loyal,VIT,2023-05-10,2027-05-09,anay63@vit.in
Gokul Jani,MIT WPU,2023-11-02,2027-11-01,prishabava@mitwpu.in
Vedika Mangat,MIT WPU,2023-10-18,2027-10-17,rheavora@mitwpu.in
Indranil Uppal,MIT WPU,2023-07-31,2027-07-30,chadhajiya@mitwpu.in
Amani Mani,VIT,2023-11-01,2027-10-31,wloyal@vit.in
Alia Varkey,IIT D,2023-09-12,2027-09-11,psood@iitd.in
Mannat Aggarwal,VIT,2023-09-06,2027-09-05,dhanukdas@vit.in
Riya Kapadia,KIIT,2022-12-25,2026-12-24,chakrabortyakarsh@kiit.in
Vritika Zacharia,MIT WPU,2023-01-26,2027-01-25,arnav49@mitwpu.in
Faiyaz Sethi,MIT WPU,2023-10-03,2027-10-02,badaminehmat@mitwpu.in
Shamik Sule,KIIT,2023-11-12,2027-11-11,bansalhazel@kiit.in
Sana Arya,KIIT,2023-11-25,2027-11-24,emir78@kiit.in
Ehsaan Chaudry,VIT,2023-08-31,2027-08-30,majumdarreyansh@vit.in
Dishani Mahajan,KIIT,2023-02-18,2027-02-17,baijukaul@kiit.in
Alisha Dubey,MIT WPU,2023-09-20,2027-09-19,hansprerak@mitwpu.in
Suhana Suresh,MIT WPU,2023-10-30,2027-10-29,kartik43@mitwpu.in
Ivana Keer,KIIT,2023-02-23,2027-02-22,qchawla@kiit.in
Purab Batta,MIT WPU,2022-12-12,2026-12-11,jbumb@mitwpu.in
Drishya Anand,MIT WPU,2023-06-24,2027-06-23,adahbarad@mitwpu.in
Advik Salvi,MIT WPU,2023-03-14,2027-03-13,pmanne@mitwpu.in
Jiya Suri,IIT D,2023-09-22,2027-09-21,golaeva@iitd.in
Dhanush Raval,IIT D,2023-09-24,2027-09-23,nityabal@iitd.in
Navya Chakraborty,VIT,2023-01-28,2027-01-27,shaandara@vit.in
Alia Shenoy,IIT D,2022-12-22,2026-12-21,wbalan@iitd.in
Jivika Bhandari,VIT,2023-02-19,2027-02-18,vdate@vit.in
Hiran Chaudhry,MIT WPU,2023-09-29,2027-09-28,warriordhanush@mitwpu.in
Armaan Korpal,MIT WPU,2023-06-28,2027-06-27,rlall@mitwpu.in
Tushar Balay,KIIT,2023-10-29,2027-10-28,aryazain@kiit.in
Pranay Dixit,VIT,2023-01-22,2027-01-21,kimayamandal@vit.in
Priyansh Salvi,IIT D,2023-08-23,2027-08-22,kairamadan@iitd.in
Damini Srinivas,KIIT,2022-12-05,2026-12-04,kondarohan@kiit.in
Darshit Vasa,IIT D,2023-06-28,2027-06-27,gandhitushar@iitd.in
Nitya Tiwari,VIT,2023-11-04,2027-11-03,neelofarbansal@vit.in
Tushar Anne,VIT,2023-03-18,2027-03-17,lagan61@vit.in
Rasha Dutt,KIIT,2023-05-25,2027-05-24,ldeshmukh@kiit.in
Dhruv Khanna,MIT WPU,2023-05-04,2027-05-03,diya60@mitwpu.in
Vihaan Singhal,IIT D,2022-12-23,2026-12-22,yashvidey@iitd.in
Advika Walla,KIIT,2023-03-08,2027-03-07,jsuresh@kiit.in
Charvi Kale,VIT,2023-07-04,2027-07-03,deeptrisha@vit.in
Ahana  Kurian,MIT WPU,2023-10-21,2027-10-20,mshan@mitwpu.in
Badal Kaur,VIT,2023-11-10,2027-11-09,kavya20@vit.in
Sahil Rajagopalan,KIIT,2023-04-14,2027-04-13,rohan58@kiit.in
Raghav Loyal,VIT,2023-04-08,2027-04-07,mamooty24@vit.in
Shayak Rao,KIIT,2023-05-12,2027-05-11,lyogi@kiit.in
Divij Lal,IIT D,2023-01-03,2027-01-02,kabirkanda@iitd.in
Fateh Dara,IIT D,2023-06-18,2027-06-17,vivaankala@iitd.in
Raghav Bahl,VIT,2023-07-11,2027-07-10,ahana-kibe@vit.in
Yuvaan Keer,MIT WPU,2023-09-20,2027-09-19,mishtiraju@mitwpu.in
Abram Swamy,KIIT,2023-04-05,2027-04-04,qbumb@kiit.in
Urvi Sahota,VIT,2023-10-31,2027-10-30,bhattchirag@vit.in
Gokul Hayre,MIT WPU,2023-10-26,2027-10-25,pari33@mitwpu.in
Ritvik Ghosh,VIT,2023-08-24,2027-08-23,karajiya@vit.in
Kavya Gupta,VIT,2023-07-08,2027-07-07,rajuira@vit.in
Lagan Sura,MIT WPU,2023-11-01,2027-10-31,fateh77@mitwpu.in
Ivan Gala,VIT,2023-11-02,2027-11-01,sanibadal@vit.in
Sara Roy,MIT WPU,2023-08-18,2027-08-17,kohliadah@mitwpu.in
Alisha Thaman,MIT WPU,2023-07-16,2027-07-15,kamdarkaira@mitwpu.in
Anaya Bhatti,KIIT,2023-04-29,2027-04-28,vaggarwal@kiit.in
Kaira Khalsa,VIT,2023-09-22,2027-09-21,advikkari@vit.in
Tanya Seshadri,IIT D,2023-04-19,2027-04-18,lakshit82@iitd.in
Nakul Iyengar,VIT,2023-06-12,2027-06-11,deshpandeabram@vit.in
Vedika Shah,VIT,2023-03-08,2027-03-07,waliamisha@vit.in
Kabir Chahal,MIT WPU,2023-02-14,2027-02-13,csinghal@mitwpu.in
Yuvaan Varkey,IIT D,2023-07-14,2027-07-13,msur@iitd.in
Sahil Gill,KIIT,2023-05-23,2027-05-22,dhruv13@kiit.in
Riaan Tripathi,KIIT,2023-05-15,2027-05-14,alia85@kiit.in
Divij Malhotra,VIT,2023-09-24,2027-09-23,tdada@vit.in
Shayak Sachdev,KIIT,2023-10-26,2027-10-25,ishaan95@kiit.in
Riaan Rege,KIIT,2023-04-22,2027-04-21,urvidin@kiit.in
Mohanlal Bains,KIIT,2023-03-19,2027-03-18,yasminmandal@kiit.in
Hridaan Dhawan,MIT WPU,2023-02-12,2027-02-11,madhav75@mitwpu.in
Reyansh Grover,VIT,2023-06-08,2027-06-07,sandalneelofar@vit.in
Anahi Sur,VIT,2023-04-11,2027-04-10,srinivasanstuvan@vit.in
Samarth Bora,MIT WPU,2022-12-26,2026-12-25,fbedi@mitwpu.in
Veer Ahuja,VIT,2023-09-30,2027-09-29,vyaskismat@vit.in
Manjari Chandran,MIT WPU,2023-05-29,2027-05-28,sarabhatt@mitwpu.in
Badal Madan,VIT,2023-08-28,2027-08-27,bariaanvi@vit.in
Samarth Shanker,VIT,2023-04-17,2027-04-16,rtella@vit.in
Jayant Varkey,MIT WPU,2023-04-22,2027-04-21,onkar75@mitwpu.in
Raunak Shan,KIIT,2023-04-09,2027-04-08,sampathfarhan@kiit.in
Vihaan Tak,VIT,2023-08-24,2027-08-23,dasaarna@vit.in
Tushar Badal,KIIT,2023-02-11,2027-02-10,kkala@kiit.in
Vaibhav Karnik,IIT D,2023-09-15,2027-09-14,fateh66@iitd.in
Neysa Sekhon,KIIT,2023-06-23,2027-06-22,zaraborde@kiit.in
Raunak Chander,IIT D,2023-03-16,2027-03-15,alisha18@iitd.in
Zara Gupta,VIT,2023-07-06,2027-07-05,hiran37@vit.in
Ayesha Ramesh,MIT WPU,2023-05-18,2027-05-17,bdyal@mitwpu.in
Zoya Chhabra,VIT,2023-02-23,2027-02-22,sehgaldarshit@vit.in
Jivika Kibe,VIT,2023-05-03,2027-05-02,ehsaandevi@vit.in
Tarini Acharya,MIT WPU,2022-12-17,2026-12-16,darshithayer@mitwpu.in
Vaibhav Balay,KIIT,2023-01-12,2027-01-11,ndin@kiit.in
Aayush Raman,VIT,2023-09-10,2027-09-09,yshukla@vit.in
Ehsaan Mall,VIT,2023-05-17,2027-05-16,kiaraarora@vit.in
Abram Ramaswamy,IIT D,2023-02-28,2027-02-27,ujhaveri@iitd.in
Indrans Taneja,MIT WPU,2023-11-02,2027-11-01,upadhyaynavya@mitwpu.in
Urvi Loke,KIIT,2023-08-14,2027-08-13,shayakshetty@kiit.in
Jayant Shan,IIT D,2023-06-18,2027-06-17,shankermisha@iitd.in
Zoya Madan,VIT,2023-11-08,2027-11-07,bhardwajkrish@vit.in
Ayesha Taneja,IIT D,2023-04-26,2027-04-25,manikyagulati@iitd.in
Misha Talwar,VIT,2023-09-05,2027-09-04,mishabains@vit.in
Dhanush Tata,KIIT,2023-11-07,2027-11-06,bhamini09@kiit.in
Aarush Goyal,VIT,2023-01-11,2027-01-10,mannatguha@vit.in
Ivan Dara,VIT,2022-12-16,2026-12-15,armaanravi@vit.in
Misha Sharma,VIT,2023-09-18,2027-09-17,klalla@vit.in
Krish Balakrishnan,MIT WPU,2022-12-09,2026-12-08,chirag80@mitwpu.in
Samaira Ganesh,VIT,2023-10-09,2027-10-08,acharyaaarna@vit.in
Jivin Bawa,VIT,2023-04-29,2027-04-28,xsarma@vit.in
Pari Chaudry,IIT D,2023-02-28,2027-02-27,zsibal@iitd.in
Manikya Bajaj,VIT,2023-08-06,2027-08-05,zgandhi@vit.in
Jhanvi Seth,KIIT,2023-03-03,2027-03-02,inaaya-krishna@kiit.in
Ayesha Bhatia,VIT,2023-02-10,2027-02-09,senshayak@vit.in
Veer Jani,KIIT,2023-05-15,2027-05-14,hunarchoudhary@kiit.in
Divit Walla,IIT D,2023-09-21,2027-09-20,ymadan@iitd.in
Vritika Dhar,VIT,2023-08-10,2027-08-09,raniakrishna@vit.in
Ritvik Biswas,IIT D,2023-10-07,2027-10-06,yashvi35@iitd.in
Pari Kadakia,VIT,2023-06-04,2027-06-03,alia95@vit.in
Dishani Subramanian,VIT,2023-05-30,2027-05-29,aniruddhdas@vit.in
Ayesha Kari,KIIT,2023-08-20,2027-08-19,rbath@kiit.in
Indranil Goda,VIT,2023-04-01,2027-03-31,mallickeva@vit.in
Mehul Sengupta,VIT,2023-05-12,2027-05-11,adahbhatia@vit.in
Uthkarsh Badami,IIT D,2023-08-04,2027-08-03,tarini87@iitd.in
Vivaan Hans,VIT,2023-09-19,2027-09-18,kareshani@vit.in
Renee Arya,VIT,2023-11-21,2027-11-20,bandiela@vit.in
Hansh Kata,MIT WPU,2023-02-14,2027-02-13,neysakakar@mitwpu.in
Kanav Shetty,MIT WPU,2023-06-21,2027-06-20,bhattijiya@mitwpu.in
Aaryahi Shankar,KIIT,2023-10-22,2027-10-21,siyajaggi@kiit.in
Anika Garg,KIIT,2023-05-31,2027-05-30,bhaminilanka@kiit.in
Umang Thakkar,IIT D,2023-07-21,2027-07-20,jivikachoudhury@iitd.in
Kismat Butala,VIT,2023-07-18,2027-07-17,rdass@vit.in
Nitara Raju,KIIT,2023-10-22,2027-10-21,aarush57@kiit.in
Shaan Singh,VIT,2023-10-19,2027-10-18,purab09@vit.in
Miraya Kaul,VIT,2023-04-21,2027-04-20,adahrout@vit.in
Oorja Sastry,MIT WPU,2023-01-17,2027-01-16,siya41@mitwpu.in
Pari Sarna,MIT WPU,2023-05-03,2027-05-02,ela55@mitwpu.in
Neysa Mahajan,KIIT,2023-03-14,2027-03-13,jiyagole@kiit.in
Nirvi Sundaram,IIT D,2022-11-30,2026-11-29,kavyasawhney@iitd.in
Prisha Kashyap,KIIT,2023-01-28,2027-01-27,ramaanya@kiit.in
Jayant Rastogi,IIT D,2023-10-05,2027-10-04,oorja34@iitd.in
Samiha Kashyap,VIT,2023-10-19,2027-10-18,rsem@vit.in
Vedika Kari,VIT,2022-12-23,2026-12-22,dganesh@vit.in
Aaina Dugal,MIT WPU,2023-08-02,2027-08-01,eseshadri@mitwpu.in
Amira Gour,IIT D,2023-08-07,2027-08-06,shayakluthra@iitd.in
Vaibhav Dugal,KIIT,2023-03-21,2027-03-20,zravi@kiit.in
Jayan Date,IIT D,2023-02-04,2027-02-03,neelofarvarty@iitd.in
Kanav Walla,KIIT,2022-12-26,2026-12-25,cheemapranay@kiit.in
Devansh Gill,MIT WPU,2023-06-26,2027-06-25,bhasindhruv@mitwpu.in
Zeeshan Saxena,IIT D,2023-05-10,2027-05-09,wallahansh@iitd.in
Myra Virk,IIT D,2023-02-19,2027-02-18,lavanya95@iitd.in
Stuvan Andra,VIT,2023-04-13,2027-04-12,shalv99@vit.in
Aarna Sethi,KIIT,2023-06-18,2027-06-17,balanheer@kiit.in
Anahi Handa,MIT WPU,2023-07-19,2027-07-18,adirakhosla@mitwpu.in
Kimaya Dani,IIT D,2023-05-05,2027-05-04,divankrish@iitd.in
Parinaaz Dugar,VIT,2023-06-28,2027-06-27,fatehjohal@vit.in
Badal Kakar,MIT WPU,2023-07-05,2027-07-04,ivan34@mitwpu.in
Priyansh Varma,VIT,2023-09-04,2027-09-03,divyanshdeshpande@vit.in
Kanav Chauhan,MIT WPU,2023-08-15,2027-08-14,neelofarwason@mitwpu.in
Pihu Doctor,VIT,2023-02-08,2027-02-07,lakshay27@vit.in
Nitya Anne,MIT WPU,2022-11-30,2026-11-29,guptaprisha@mitwpu.in
Shayak Amble,VIT,2023-11-17,2027-11-16,ubhatt@vit.in
Raghav Sant,IIT D,2023-03-03,2027-03-02,dharmajan08@iitd.in
Oorja Bhattacharyya,KIIT,2023-07-03,2027-07-02,trishavaidya@kiit.in
Manikya Ganesh,KIIT,2023-08-06,2027-08-05,anahitabarad@kiit.in
Taran Konda,IIT D,2023-08-16,2027-08-15,zararoy@iitd.in
Himmat Bhat,IIT D,2022-12-15,2026-12-14,kkrishna@iitd.in
Biju Bains,KIIT,2023-05-02,2027-05-01,doshireyansh@kiit.in
Mehul Dewan,IIT D,2023-10-26,2027-10-25,kanav83@iitd.in
Hiran Toor,KIIT,2023-01-16,2027-01-15,bansalvihaan@kiit.in
Divit Karan,IIT D,2023-06-02,2027-06-01,anyabassi@iitd.in
Kiara Bhalla,IIT D,2023-09-28,2027-09-27,hrishitakara@iitd.in
Miraya Chander,MIT WPU,2023-02-26,2027-02-25,kabir21@mitwpu.in
Misha Madan,IIT D,2023-09-23,2027-09-22,seherratti@iitd.in
Umang Date,MIT WPU,2022-12-06,2026-12-05,mishti68@mitwpu.in
Samaira Sura,KIIT,2023-04-12,2027-04-11,takivana@kiit.in
Piya Sehgal,KIIT,2023-08-16,2027-08-15,kibenirvaan@kiit.in
Divij Sem,IIT D,2023-05-18,2027-05-17,btak@iitd.in
Sumer Bal,IIT D,2023-11-13,2027-11-12,dhanushiyengar@iitd.in
Kiara Raj,KIIT,2023-02-12,2027-02-11,drishyakarnik@kiit.in
Miraan Sawhney,VIT,2023-03-18,2027-03-17,cshere@vit.in
Rasha Zacharia,KIIT,2023-07-24,2027-07-23,usodhi@kiit.in
Anahita Tandon,IIT D,2023-05-02,2027-05-01,tataaarush@iitd.in
Navya Dugar,VIT,2022-12-18,2026-12-17,akarsh45@vit.in
Aarav Bansal,IIT D,2023-08-31,2027-08-30,hridaandugar@iitd.in
Ishaan Kara,VIT,2023-05-06,2027-05-05,pbuch@vit.in
Mehul Chawla,VIT,2023-11-29,2027-11-28,pgola@vit.in
Myra Andra,VIT,2023-08-09,2027-08-08,abalasubramanian@vit.in
Pranay Kari,IIT D,2023-06-01,2027-05-31,sursamarth@iitd.in
Krish Batta,IIT D,2023-04-15,2027-04-14,obali@iitd.in
Anaya Iyengar,IIT D,2023-04-06,2027-04-05,sentara@iitd.in
Krish Chandran,VIT,2023-11-25,2027-11-24,nayantara44@vit.in
Piya Chand,IIT D,2023-08-22,2027-08-21,sidhuryan@iitd.in
Alisha Ravel,IIT D,2023-05-11,2027-05-10,ritvikaggarwal@iitd.in
Tanya Loke,IIT D,2023-08-22,2027-08-21,salvipranay@iitd.in
Shalv Thaker,KIIT,2022-11-30,2026-11-29,laganbabu@kiit.in
Inaaya  Dyal,KIIT,2023-02-03,2027-02-02,zoya08@kiit.in
Oorja Tak,VIT,2023-06-08,2027-06-07,amira86@vit.in
Shayak Sunder,IIT D,2023-01-24,2027-01-23,parinaazsahni@iitd.in
Lakshit Dash,KIIT,2023-08-10,2027-08-09,eshani15@kiit.in
Raghav Chakrabarti,VIT,2023-10-17,2027-10-16,routmisha@vit.in
Kismat Kapur,KIIT,2023-03-01,2027-02-28,tanya92@kiit.in
Biju Tank,KIIT,2023-10-09,2027-10-08,raunakwali@kiit.in
Purab Vaidya,IIT D,2023-07-24,2027-07-23,umangsaraf@iitd.in
Nishith Magar,IIT D,2023-01-13,2027-01-12,srinivasayesha@iitd.in
Miraan Barad,MIT WPU,2023-07-26,2027-07-25,shray20@mitwpu.in
Elakshi Deshmukh,IIT D,2023-02-10,2027-02-09,hsridhar@iitd.in
Advika Saxena,IIT D,2023-03-19,2027-03-18,masterzeeshan@iitd.in
Manjari Trivedi,KIIT,2023-11-24,2027-11-23,ritvik28@kiit.in
Kaira Tiwari,VIT,2022-12-01,2026-11-30,kimaya23@vit.in
Akarsh Baral,IIT D,2023-06-09,2027-06-08,isur@iitd.in
Tiya Chaudry,KIIT,2023-08-05,2027-08-04,yakshitsachar@kiit.in
Jayesh Boase,MIT WPU,2023-04-07,2027-04-06,goyallakshit@mitwpu.in
Tushar Ganesh,VIT,2023-01-25,2027-01-24,aradhya08@vit.in
Seher Kadakia,VIT,2023-05-05,2027-05-04,shahnayantara@vit.in
Darshit Raman,IIT D,2023-01-29,2027-01-28,biju97@iitd.in
Aradhya Subramanian,KIIT,2022-12-08,2026-12-07,esrinivas@kiit.in
Aarush Loke,MIT WPU,2023-01-18,2027-01-17,indrajitedwin@mitwpu.in
Shayak Mangat,IIT D,2023-01-06,2027-01-05,keerkashvi@iitd.in
Alisha Venkatesh,VIT,2023-07-24,2027-07-23,purab17@vit.in
Taimur Ramesh,VIT,2023-09-23,2027-09-22,pravel@vit.in
Aarna Kanda,VIT,2023-03-14,2027-03-13,dseth@vit.in
Mishti Chad,MIT WPU,2023-09-17,2027-09-16,bediyasmin@mitwpu.in
Adah Kamdar,VIT,2022-12-04,2026-12-03,diyaborra@vit.in
Ehsaan Khurana,KIIT,2023-06-20,2027-06-19,onkarkarpe@kiit.in
Faiyaz Baria,IIT D,2023-01-18,2027-01-17,raunaksarma@iitd.in
Chirag Arya,KIIT,2023-02-07,2027-02-06,raomohanlal@kiit.in
Ritvik Chand,MIT WPU,2023-05-13,2027-05-12,farhan76@mitwpu.in
Abram Deep,MIT WPU,2023-06-02,2027-06-01,miraya90@mitwpu.in
Rohan Deep,KIIT,2023-02-23,2027-02-22,dugarriaan@kiit.in
Mamooty Kata,MIT WPU,2023-07-26,2027-07-25,manikyachakraborty@mitwpu.in
Rohan Sha,IIT D,2023-09-24,2027-09-23,mallzoya@iitd.in
Ira Sibal,MIT WPU,2022-12-22,2026-12-21,shalvgupta@mitwpu.in
Aayush Cherian,VIT,2023-05-17,2027-05-16,vanyabobal@vit.in
Reyansh D’Alia,VIT,2022-12-02,2026-12-01,jayant50@vit.in
Siya Maharaj,KIIT,2023-05-05,2027-05-04,basukavya@kiit.in
Keya Das,IIT D,2023-06-09,2027-06-08,duttajivika@iitd.in
Kiaan Bawa,IIT D,2023-03-17,2027-03-16,adahsastry@iitd.in
Eva Chad,KIIT,2023-08-10,2027-08-09,qbalay@kiit.in
Vihaan Chand,IIT D,2023-03-05,2027-03-04,eluthra@iitd.in
Seher Dixit,VIT,2023-05-24,2027-05-23,babudiya@vit.in
Zeeshan Mani,KIIT,2023-04-15,2027-04-14,dugalazad@kiit.in
Mamooty Sodhi,IIT D,2023-01-23,2027-01-22,pranay21@iitd.in
Nehmat Srinivasan,KIIT,2023-08-04,2027-08-03,kabir18@kiit.in
Azad Amble,VIT,2023-06-18,2027-06-17,purabkaul@vit.in
Adira Khare,VIT,2023-07-05,2027-07-04,madanzaina@vit.in
Vivaan Gade,IIT D,2023-10-05,2027-10-04,nirvi45@iitd.in
Charvi Kamdar,VIT,2023-06-01,2027-05-31,ghosesana@vit.in
Suhana Bahl,IIT D,2023-06-27,2027-06-26,hsachdeva@iitd.in
Divij Talwar,VIT,2023-07-19,2027-07-18,advikadara@vit.in
Nishith Buch,KIIT,2023-03-02,2027-03-01,faiyaz60@kiit.in
Khushi Borde,IIT D,2023-07-17,2027-07-16,tarinichahal@iitd.in
Kiaan Dutt,KIIT,2023-11-25,2027-11-24,aarav36@kiit.in
Yakshit Gole,VIT,2023-07-10,2027-07-09,bumbkiara@vit.in
Rati Ratta,MIT WPU,2023-01-29,2027-01-28,qsachar@mitwpu.in
Sahil Dutta,KIIT,2023-01-15,2027-01-14,advik48@kiit.in
Yakshit Srivastava,KIIT,2023-11-20,2027-11-19,abram25@kiit.in
Aniruddh Sachdeva,VIT,2023-11-02,2027-11-01,himmatboase@vit.in
Adah Magar,KIIT,2023-11-24,2027-11-23,ahana-chandran@kiit.in
Jivika Goel,VIT,2023-07-02,2027-07-01,amanisetty@vit.in
Aarush Balan,VIT,2023-10-22,2027-10-21,vsaraf@vit.in
Shlok Kothari,MIT WPU,2023-08-13,2027-08-12,dmallick@mitwpu.in
Advika Sinha,MIT WPU,2023-03-25,2027-03-24,trishataneja@mitwpu.in
Jivin Rajan,IIT D,2023-10-26,2027-10-25,vanyabatta@iitd.in
Vaibhav Bali,KIIT,2023-10-29,2027-10-28,evasuresh@kiit.in
Lakshit Luthra,VIT,2023-07-23,2027-07-22,issaccharvi@vit.in
Mamooty Suresh,VIT,2023-09-08,2027-09-07,ahana-81@vit.in
Darshit Samra,VIT,2023-11-24,2027-11-23,parinaaz73@vit.in
Mohanlal Suresh,MIT WPU,2023-10-23,2027-10-22,hsetty@mitwpu.in
Prisha Shan,VIT,2023-09-19,2027-09-18,mammenvedika@vit.in
Rohan Kurian,KIIT,2023-02-02,2027-02-01,ykaur@kiit.in
Elakshi Vig,MIT WPU,2023-08-21,2027-08-20,zaindate@mitwpu.in
Prerak Grewal,VIT,2023-11-15,2027-11-14,wmani@vit.in
Nitya Sastry,VIT,2023-10-10,2027-10-09,qdugal@vit.in
Aayush Maharaj,VIT,2023-01-16,2027-01-15,prishamannan@vit.in
Uthkarsh Baria,KIIT,2023-03-18,2027-03-17,vdey@kiit.in
Hiran Chakrabarti,MIT WPU,2023-08-07,2027-08-06,zeeshandeshpande@mitwpu.in
Neysa Rau,IIT D,2022-12-01,2026-11-30,zoya73@iitd.in
Aaryahi Kara,VIT,2022-12-27,2026-12-26,qsoni@vit.in
Amani Ghosh,MIT WPU,2023-02-14,2027-02-13,kantjhanvi@mitwpu.in
Romil Kumar,IIT D,2022-12-08,2026-12-07,tchoudhry@iitd.in
Parinaaz Srinivasan,IIT D,2023-05-22,2027-05-21,advikarora@iitd.in
Tarini Sani,VIT,2023-05-09,2027-05-08,veer01@vit.in
Myra Gokhale,IIT D,2023-02-12,2027-02-11,lsubramanian@iitd.in
Saksham Boase,VIT,2023-05-05,2027-05-04,elakshikale@vit.in
Tiya Sodhi,KIIT,2023-04-25,2027-04-24,amirabarad@kiit.in
Drishya Loke,IIT D,2023-03-09,2027-03-08,ychopra@iitd.in
Yasmin Kapur,MIT WPU,2023-06-04,2027-06-03,jganguly@mitwpu.in
Advika Bir,MIT WPU,2023-01-07,2027-01-06,dasarhaan@mitwpu.in
Jiya Goswami,MIT WPU,2023-01-19,2027-01-18,hiranbuch@mitwpu.in
Drishya Bhalla,VIT,2023-05-16,2027-05-15,nirvaankrishnan@vit.in
Anahita Hari,KIIT,2022-11-30,2026-11-29,divitborah@kiit.in
Saanvi Batta,VIT,2023-07-15,2027-07-14,hansh46@vit.in
Aayush Bhargava,VIT,2023-09-15,2027-09-14,bhatnagardhanuk@vit.in
Zaina Madan,IIT D,2023-07-13,2027-07-12,fatehbarad@iitd.in
Tiya Bobal,VIT,2023-05-25,2027-05-24,dattariya@vit.in
Dhruv Bobal,KIIT,2023-05-31,2027-05-30,hiran02@kiit.in
Nakul Chaudry,MIT WPU,2023-11-29,2027-11-28,zbakshi@mitwpu.in
Samar Das,IIT D,2023-03-17,2027-03-16,sanasrivastava@iitd.in
Damini Bora,MIT WPU,2023-03-03,2027-03-02,oluthra@mitwpu.in
Ivan Kari,VIT,2023-04-24,2027-04-23,msood@vit.in
Ivana Vora,VIT,2023-04-06,2027-04-05,jivin35@vit.in
Dharmajan Agate,KIIT,2023-01-31,2027-01-30,ubatta@kiit.in
Arhaan Sur,KIIT,2023-06-01,2027-05-31,kashvisarma@kiit.in
Kaira Chandran,IIT D,2023-06-03,2027-06-02,devanshgarde@iitd.in
Misha Saha,KIIT,2023-11-22,2027-11-21,johaluthkarsh@kiit.in
Anahi Randhawa,MIT WPU,2023-05-27,2027-05-26,jtiwari@mitwpu.in
Azad Bakshi,VIT,2023-09-21,2027-09-20,nishith85@vit.in
Neelofar Dhar,IIT D,2023-07-22,2027-07-21,emannan@iitd.in
Zaina Biswas,MIT WPU,2023-11-09,2027-11-08,kothariryan@mitwpu.in
Vidur Barman,IIT D,2023-06-12,2027-06-11,sampathaaryahi@iitd.in
Divij Sarna,IIT D,2023-06-26,2027-06-25,chawlaneelofar@iitd.in
Indrajit Thaker,IIT D,2023-09-01,2027-08-31,uganesh@iitd.in
Piya Wason,IIT D,2023-06-30,2027-06-29,ivig@iitd.in
Pihu Cheema,VIT,2023-10-28,2027-10-27,cheemaaaina@vit.in
Heer Barman,IIT D,2023-08-07,2027-08-06,amira76@iitd.in
Rasha Sengupta,MIT WPU,2023-09-16,2027-09-15,kotharivardaniya@mitwpu.in
Charvi Halder,MIT WPU,2023-11-22,2027-11-21,chauhanaaryahi@mitwpu.in
Mishti Ganesan,KIIT,2023-09-17,2027-09-16,armaangokhale@kiit.in
Raunak Khurana,KIIT,2023-02-19,2027-02-18,garginaaya@kiit.in
Kimaya Jhaveri,VIT,2023-05-26,2027-05-25,tushar61@vit.in
Gokul Varkey,MIT WPU,2023-02-25,2027-02-24,chaudharieshani@mitwpu.in
Eva Loyal,IIT D,2023-11-16,2027-11-15,manikya18@iitd.in
Hiran Cheema,KIIT,2023-07-06,2027-07-05,bravi@kiit.in
Hiran Vig,MIT WPU,2023-11-24,2027-11-23,eshani97@mitwpu.in
Tejas Savant,KIIT,2023-02-08,2027-02-07,azad52@kiit.in
Jhanvi Choudhry,IIT D,2023-06-24,2027-06-23,devansh29@iitd.in
Devansh Dubey,KIIT,2023-08-15,2027-08-14,zborra@kiit.in
Tarini D’Alia,MIT WPU,2023-01-21,2027-01-20,vdugal@mitwpu.in
Sara Sarin,KIIT,2023-07-26,2027-07-25,ahana-24@kiit.in
Urvi Vala,IIT D,2023-10-31,2027-10-30,indranilbasu@iitd.in
Vardaniya Bose,MIT WPU,2023-03-20,2027-03-19,inaaya-badami@mitwpu.in
Anika Ben,KIIT,2023-11-07,2027-11-06,kapoorfaiyaz@kiit.in
Hansh Varkey,IIT D,2023-05-31,2027-05-30,trivedisamiha@iitd.in
Dhanush Chaudhari,MIT WPU,2023-09-30,2027-09-29,samaira90@mitwpu.in
Shamik Sagar,VIT,2023-01-17,2027-01-16,diya14@vit.in
Umang Talwar,VIT,2023-04-11,2027-04-10,vidur09@vit.in
Damini Kothari,IIT D,2023-09-01,2027-08-31,anika64@iitd.in
Vritika Chaudhari,VIT,2023-03-17,2027-03-16,rati60@vit.in
Bhavin Kadakia,KIIT,2023-11-29,2027-11-28,balakrishnanyashvi@kiit.in
Vardaniya Baria,KIIT,2023-08-02,2027-08-01,madhavzacharia@kiit.in
Manjari Baria,MIT WPU,2023-02-21,2027-02-20,iramadan@mitwpu.in
Raunak Sabharwal,MIT WPU,2023-04-30,2027-04-29,dasguptaranbir@mitwpu.in
Nitara Konda,IIT D,2023-09-25,2027-09-24,mishtikrish@iitd.in
Arhaan Bahl,MIT WPU,2022-12-28,2026-12-27,lavanyabatta@mitwpu.in
Vardaniya Banerjee,MIT WPU,2023-07-05,2027-07-04,sherefaiyaz@mitwpu.in
Shalv Lata,VIT,2023-02-01,2027-01-31,malhotraaarna@vit.in
Veer Keer,IIT D,2023-06-19,2027-06-18,hiranyohannan@iitd.in
Hunar Chad,MIT WPU,2023-01-11,2027-01-10,kiara21@mitwpu.in
Yakshit Rajan,VIT,2023-10-17,2027-10-16,jivika43@vit.in
Biju Rana,IIT D,2023-06-28,2027-06-27,hiran03@iitd.in
Rohan Jain,MIT WPU,2023-09-13,2027-09-12,hbhalla@mitwpu.in
Samiha Sanghvi,VIT,2023-01-10,2027-01-09,lagansaini@vit.in
Akarsh Kalla,IIT D,2023-06-16,2027-06-15,hridaan65@iitd.in
Keya Deshpande,KIIT,2023-03-12,2027-03-11,dbhat@kiit.in
Tara Rege,KIIT,2023-10-20,2027-10-19,wganesh@kiit.in
Kanav Luthra,VIT,2023-08-27,2027-08-26,gvarghese@vit.in
Prisha Koshy,VIT,2023-10-28,2027-10-27,xbawa@vit.in
Divyansh Wason,IIT D,2023-08-12,2027-08-11,aaryahikaran@iitd.in
Vidur Roy,KIIT,2023-08-24,2027-08-23,sabharwalshanaya@kiit.in
Shamik Bobal,VIT,2023-07-15,2027-07-14,emir44@vit.in
Zeeshan Sridhar,VIT,2023-08-24,2027-08-23,saanvi68@vit.in
Nirvaan Khare,VIT,2023-08-03,2027-08-02,khannadrishya@vit.in
Lakshay Kala,IIT D,2023-05-13,2027-05-12,zachariahhimmat@iitd.in
Advika Brar,VIT,2023-09-13,2027-09-12,basakivan@vit.in
Taimur Divan,KIIT,2023-08-07,2027-08-06,farhansekhon@kiit.in
Myra Kunda,MIT WPU,2023-06-03,2027-06-02,lbanerjee@mitwpu.in
Vanya Dasgupta,MIT WPU,2023-01-16,2027-01-15,badal87@mitwpu.in
Madhav Raju,VIT,2023-09-22,2027-09-21,karpeuthkarsh@vit.in
Yuvraj  Ganesh,MIT WPU,2023-05-13,2027-05-12,sridharhansh@mitwpu.in
Renee Dora,KIIT,2023-01-18,2027-01-17,sethnayantara@kiit.in
Pari Buch,IIT D,2023-08-06,2027-08-05,tarinibawa@iitd.in
Hansh Agrawal,VIT,2023-10-24,2027-10-23,isrinivas@vit.in
Misha Sehgal,VIT,2023-11-20,2027-11-19,kamdarfarhan@vit.in
Arnav Sawhney,IIT D,2023-04-04,2027-04-03,lgolla@iitd.in
Mehul Ghose,VIT,2023-06-20,2027-06-19,sarmahansh@vit.in
Nirvaan Deol,MIT WPU,2023-03-12,2027-03-11,shethjayant@mitwpu.in
Navya Raman,MIT WPU,2023-03-22,2027-03-21,dhanukgala@mitwpu.in
Madhav Karnik,IIT D,2023-04-02,2027-04-01,kabir86@iitd.in
Miraya Barad,VIT,2023-09-16,2027-09-15,abram49@vit.in
Dhanush Sandhu,MIT WPU,2023-07-30,2027-07-29,samarthsrivastava@mitwpu.in
Ahana  Hayre,KIIT,2023-08-19,2027-08-18,rajantiya@kiit.in
Romil Chhabra,VIT,2023-08-20,2027-08-19,indranschandran@vit.in
Shalv Kale,MIT WPU,2023-01-16,2027-01-15,fsridhar@mitwpu.in
Ivana Raja,VIT,2023-07-28,2027-07-27,vkurian@vit.in
Samaira Grewal,MIT WPU,2023-09-18,2027-09-17,keyamahal@mitwpu.in
Keya Kala,IIT D,2022-12-15,2026-12-14,kimaya07@iitd.in
Jivin Chaudhari,MIT WPU,2023-10-14,2027-10-13,adira66@mitwpu.in
Aarush Thaker,MIT WPU,2022-12-09,2026-12-08,rsibal@mitwpu.in
Kiaan Bava,VIT,2023-11-19,2027-11-18,rbalan@vit.in
Khushi Raman,IIT D,2023-09-05,2027-09-04,sairasama@iitd.in
Adah Sampath,KIIT,2022-12-26,2026-12-25,ayesha22@kiit.in
Pihu Date,MIT WPU,2022-12-13,2026-12-12,aray@mitwpu.in
Aarna Rege,KIIT,2023-03-01,2027-02-28,arnavsur@kiit.in
Nishith Banerjee,VIT,2023-06-25,2027-06-24,mangatfateh@vit.in
Zara Saxena,VIT,2023-09-16,2027-09-15,vshankar@vit.in
Romil Loyal,VIT,2023-04-03,2027-04-02,advikchoudhry@vit.in
Jivika Uppal,MIT WPU,2023-04-18,2027-04-17,yasminkakar@mitwpu.in
Aaryahi Chahal,MIT WPU,2022-12-02,2026-12-01,bkala@mitwpu.in
Yuvaan Chaudry,VIT,2023-04-07,2027-04-06,ndeshpande@vit.in
Samiha Bahl,MIT WPU,2023-09-27,2027-09-26,harisahil@mitwpu.in
Anya Sahni,IIT D,2023-07-28,2027-07-27,aliachander@iitd.in
Yuvraj  Dugal,KIIT,2023-02-16,2027-02-15,vsarraf@kiit.in
Jayan Amble,VIT,2023-11-07,2027-11-06,shayak51@vit.in
Hunar Chand,VIT,2023-10-11,2027-10-10,indrans14@vit.in
Tushar Loyal,KIIT,2023-08-09,2027-08-08,saradara@kiit.in
Ehsaan Savant,KIIT,2023-01-03,2027-01-02,taimur23@kiit.in
Zara Bir,MIT WPU,2023-10-31,2027-10-30,samarth15@mitwpu.in
Ela Rao,IIT D,2023-10-08,2027-10-07,bchana@iitd.in
Sara Wason,MIT WPU,2023-02-20,2027-02-19,ryan21@mitwpu.in
Shanaya Biswas,IIT D,2023-11-19,2027-11-18,samarthmand@iitd.in
Vedika Kara,KIIT,2022-12-04,2026-12-03,thamandrishya@kiit.in
Pranay Bakshi,KIIT,2023-10-31,2027-10-30,dutttarini@kiit.in
Pihu Sura,VIT,2022-12-21,2026-12-20,aaryahithakur@vit.in
Divyansh Tella,IIT D,2023-05-12,2027-05-11,hrishitakhurana@iitd.in
Ela Dani,KIIT,2023-02-10,2027-02-09,mbaria@kiit.in
Aaina Handa,KIIT,2023-10-24,2027-10-23,bhatmamooty@kiit.in
Kimaya Thakur,VIT,2022-12-08,2026-12-07,nakul34@vit.in
Charvi Chauhan,MIT WPU,2023-03-25,2027-03-24,eshani64@mitwpu.in
Anahita Balan,IIT D,2022-12-02,2026-12-01,adas@iitd.in
Shray Balakrishnan,KIIT,2023-02-09,2027-02-08,buchahana@kiit.in
Fateh Wali,IIT D,2023-06-14,2027-06-13,raoyasmin@iitd.in
Charvi Ramanathan,MIT WPU,2023-04-03,2027-04-02,emani@mitwpu.in
Indranil Shenoy,VIT,2023-09-23,2027-09-22,aaina23@vit.in
Zeeshan Saraf,IIT D,2023-04-07,2027-04-06,arhaankakar@iitd.in
Riya Loke,KIIT,2023-04-25,2027-04-24,prishavarkey@kiit.in
Advik Bahri,MIT WPU,2023-04-05,2027-04-04,boraayesha@mitwpu.in
Anika Sant,VIT,2023-05-17,2027-05-16,indrans17@vit.in
Dharmajan Dhingra,MIT WPU,2023-11-27,2027-11-26,reyansh60@mitwpu.in
Sumer Sule,VIT,2023-04-09,2027-04-08,rlad@vit.in
Miraya Mammen,KIIT,2022-12-29,2026-12-28,tarini86@kiit.in
Ishaan Suresh,IIT D,2023-03-31,2027-03-30,hridaan82@iitd.in
Charvi Handa,VIT,2022-12-23,2026-12-22,ratibajwa@vit.in
Hansh Upadhyay,IIT D,2022-12-28,2026-12-27,zmanne@iitd.in
Bhavin Cheema,VIT,2023-09-26,2027-09-25,mohanlal24@vit.in
Divyansh Krishnamurthy,MIT WPU,2023-03-13,2027-03-12,taimur79@mitwpu.in
Bhavin Bajaj,IIT D,2023-01-14,2027-01-13,yogianahita@iitd.in
Baiju Cherian,MIT WPU,2022-12-28,2026-12-27,dhanda@mitwpu.in
Shanaya Swamy,VIT,2023-02-05,2027-02-04,jvarty@vit.in
Kabir Chaudry,KIIT,2023-06-09,2027-06-08,suhanavarghese@kiit.in
Darshit Lanka,KIIT,2023-06-28,2027-06-27,aniruddh75@kiit.in
Vardaniya Mander,KIIT,2023-04-29,2027-04-28,buchtaran@kiit.in
Jhanvi Khurana,MIT WPU,2022-12-07,2026-12-06,upadhyayvaibhav@mitwpu.in
Badal Dara,MIT WPU,2023-02-20,2027-02-19,choprayuvaan@mitwpu.in
Misha Bedi,VIT,2023-07-28,2027-07-27,azadkeer@vit.in
Rasha Yogi,KIIT,2023-05-04,2027-05-03,farhan42@kiit.in
Prisha Mander,IIT D,2023-08-11,2027-08-10,yhora@iitd.in
Shamik Tara,IIT D,2023-02-04,2027-02-03,tejasbhavsar@iitd.in
Sumer Kunda,VIT,2023-06-03,2027-06-02,damini36@vit.in
Shanaya Viswanathan,KIIT,2022-12-27,2026-12-26,mandanehmat@kiit.in
Neysa Korpal,KIIT,2023-05-23,2027-05-22,bassiyasmin@kiit.in
Hrishita Ray,KIIT,2023-01-13,2027-01-12,madaneva@kiit.in
Shayak Setty,IIT D,2023-02-14,2027-02-13,irabajaj@iitd.in
Siya Ramaswamy,KIIT,2023-04-01,2027-03-31,zachariasana@kiit.in
Miraya Ghosh,KIIT,2023-02-10,2027-02-09,swaminathanyakshit@kiit.in
Yuvaan Apte,MIT WPU,2023-10-03,2027-10-02,baiju03@mitwpu.in
Nakul Srivastava,MIT WPU,2023-01-29,2027-01-28,varkeymiraya@mitwpu.in
Rania Lala,IIT D,2023-02-25,2027-02-24,kashvishere@iitd.in
Shalv Khatri,VIT,2023-10-26,2027-10-25,btiwari@vit.in
Adah Solanki,MIT WPU,2023-11-29,2027-11-28,mannat34@mitwpu.in
Saanvi Saxena,MIT WPU,2023-11-20,2027-11-19,ishaanvarty@mitwpu.in
Riya Dugar,MIT WPU,2023-03-06,2027-03-05,kimaya00@mitwpu.in
Lakshit Sarkar,MIT WPU,2023-11-20,2027-11-19,siyadeep@mitwpu.in
Samar Mallick,MIT WPU,2023-01-13,2027-01-12,zkuruvilla@mitwpu.in
Bhavin Viswanathan,MIT WPU,2023-11-13,2027-11-12,schoudhary@mitwpu.in
Navya Wadhwa,MIT WPU,2023-03-10,2027-03-09,qvig@mitwpu.in
Onkar Chada,MIT WPU,2023-01-19,2027-01-18,tarinisaha@mitwpu.in
Madhav Tripathi,VIT,2023-05-02,2027-05-01,shanda@vit.in
Lavanya Agrawal,KIIT,2022-12-28,2026-12-27,lokeishita@kiit.in
Umang Ramanathan,KIIT,2023-04-29,2027-04-28,tejasdalal@kiit.in
Divij Joshi,VIT,2023-04-01,2027-03-31,kchatterjee@vit.in
Uthkarsh Kuruvilla,MIT WPU,2022-12-05,2026-12-04,khalsabadal@mitwpu.in
Manikya Chacko,KIIT,2023-04-03,2027-04-02,bhaktamannat@kiit.in
Mamooty Bhasin,VIT,2022-12-16,2026-12-15,fborah@vit.in
Madhav Walia,VIT,2023-06-29,2027-06-28,routarnav@vit.in
Anaya Rajagopal,MIT WPU,2023-03-16,2027-03-15,yuvraj-17@mitwpu.in
Kavya Barman,MIT WPU,2023-03-21,2027-03-20,vartypari@mitwpu.in
Amani Dubey,KIIT,2023-09-11,2027-09-10,mishtirege@kiit.in
Shaan Jayaraman,MIT WPU,2023-04-17,2027-04-16,gatikgoel@mitwpu.in
Nayantara Bhatti,IIT D,2023-06-10,2027-06-09,armaan52@iitd.in
Aarna Boase,VIT,2023-08-18,2027-08-17,adahkrishnan@vit.in
Parinaaz Sandhu,IIT D,2023-10-16,2027-10-15,somsamar@iitd.in
Dhruv Khosla,IIT D,2023-01-03,2027-01-02,bijuramanathan@iitd.in
Zeeshan Dhillon,MIT WPU,2023-06-23,2027-06-22,inaaya-18@mitwpu.in
Chirag Bhatia,MIT WPU,2023-06-13,2027-06-12,ishaanshanker@mitwpu.in
Amani Sengupta,IIT D,2023-01-21,2027-01-20,indranil91@iitd.in
Zain Ram,VIT,2023-08-26,2027-08-25,ayesha86@vit.in
Dharmajan Grewal,VIT,2023-01-09,2027-01-08,samaira05@vit.in
Nirvi Wason,IIT D,2023-09-29,2027-09-28,kiyer@iitd.in
Devansh Madan,VIT,2023-05-09,2027-05-08,sumerjaggi@vit.in
Biju Ramachandran,MIT WPU,2023-01-28,2027-01-27,uvohra@mitwpu.in
Kavya Dhillon,IIT D,2023-01-20,2027-01-19,aaina55@iitd.in
Jayan Swaminathan,VIT,2023-01-09,2027-01-08,nghosh@vit.in
Kavya Soni,VIT,2023-03-09,2027-03-08,uthkarshsankaran@vit.in
Kiaan Kurian,VIT,2023-10-03,2027-10-02,raniadhaliwal@vit.in
Neelofar Chaudhary,KIIT,2023-02-16,2027-02-15,dchada@kiit.in
Shamik Rau,MIT WPU,2023-07-23,2027-07-22,vidurrastogi@mitwpu.in
Kismat Goel,MIT WPU,2023-09-22,2027-09-21,bandirasha@mitwpu.in
Nayantara Setty,IIT D,2023-10-16,2027-10-15,charriya@iitd.in
Dhanush Lall,VIT,2023-11-05,2027-11-04,khatriraunak@vit.in
Anahi Doctor,VIT,2023-05-05,2027-05-04,samar71@vit.in
Diya Aggarwal,MIT WPU,2023-02-07,2027-02-06,voradamini@mitwpu.in
Hunar Aggarwal,IIT D,2023-03-08,2027-03-07,samarsha@iitd.in
Lakshay Boase,VIT,2022-12-12,2026-12-11,dishani58@vit.in
Indranil Chaudhari,VIT,2023-02-18,2027-02-17,ishaanwalla@vit.in
Zoya Bedi,KIIT,2023-01-28,2027-01-27,ojasmanda@kiit.in
Biju Dalal,KIIT,2023-07-03,2027-07-02,anviverma@kiit.in
Indrajit Gola,KIIT,2023-04-03,2027-04-02,elakshiamble@kiit.in
Saanvi Ratta,IIT D,2023-02-10,2027-02-09,smanda@iitd.in
Nehmat Dey,IIT D,2023-02-08,2027-02-07,raurohan@iitd.in
Dishani Hans,VIT,2023-11-17,2027-11-16,farhan14@vit.in
Zara Bali,VIT,2023-10-01,2027-09-30,zwable@vit.in
Anaya Chhabra,IIT D,2023-10-05,2027-10-04,ukapur@iitd.in
Ritvik Hegde,MIT WPU,2022-12-31,2026-12-30,anikaratti@mitwpu.in
Manikya Bobal,MIT WPU,2023-01-10,2027-01-09,jhanvichar@mitwpu.in
Seher Ahuja,IIT D,2023-08-08,2027-08-07,fdoshi@iitd.in
Keya Suresh,VIT,2023-02-27,2027-02-26,duazoya@vit.in
Miraya Kulkarni,KIIT,2023-02-07,2027-02-06,anahimallick@kiit.in
Elakshi Sandhu,VIT,2023-05-05,2027-05-04,taimurvasa@vit.in
Navya Acharya,VIT,2022-12-25,2026-12-24,danand@vit.in
Tarini Lanka,VIT,2023-04-01,2027-03-31,agandhi@vit.in
Arnav Borde,IIT D,2023-08-11,2027-08-10,khushikale@iitd.in
Tarini Kapadia,KIIT,2023-04-25,2027-04-24,bhavinkumer@kiit.in
Myra Balakrishnan,MIT WPU,2022-12-12,2026-12-11,dhingramiraan@mitwpu.in
Dhanuk Mani,KIIT,2023-01-10,2027-01-09,cheriannehmat@kiit.in
Navya Chander,IIT D,2023-11-17,2027-11-16,jkade@iitd.in
Saira Savant,MIT WPU,2023-10-18,2027-10-17,saranheer@mitwpu.in
Nirvi Balan,IIT D,2022-12-21,2026-12-20,heershenoy@iitd.in
Taran Ganesh,IIT D,2023-08-30,2027-08-29,aradhyamander@iitd.in
Hunar Srinivas,IIT D,2023-09-28,2027-09-27,anviram@iitd.in
Bhavin Hayer,VIT,2023-06-25,2027-06-24,bhamini39@vit.in
Dishani Thaker,IIT D,2023-02-14,2027-02-13,evasha@iitd.in
Sahil Badami,IIT D,2023-05-25,2027-05-24,shettydivij@iitd.in
Vidur Varughese,VIT,2022-12-16,2026-12-15,uthkarsh41@vit.in
Riaan Batra,MIT WPU,2023-09-02,2027-09-01,jivikabhagat@mitwpu.in
Saksham Sahni,MIT WPU,2023-07-17,2027-07-16,dasguptamiraan@mitwpu.in
Madhav Das,KIIT,2023-08-23,2027-08-22,devifarhan@kiit.in
Heer Sankaran,IIT D,2023-10-17,2027-10-16,ramanathanzara@iitd.in
Jayant Keer,IIT D,2023-11-23,2027-11-22,aayush00@iitd.in
Indrans Soni,MIT WPU,2023-06-01,2027-05-31,rbalay@mitwpu.in
Yuvraj  Sastry,MIT WPU,2023-04-08,2027-04-07,faiyaz32@mitwpu.in
Vihaan Khatri,VIT,2023-02-02,2027-02-01,aniruddh81@vit.in
Yashvi Vora,KIIT,2023-07-15,2027-07-14,gatik11@kiit.in
Akarsh Gole,IIT D,2023-08-24,2027-08-23,shroffrhea@iitd.in
Shayak Sankaran,VIT,2023-11-10,2027-11-09,aaryahi12@vit.in
Jiya Banik,KIIT,2023-03-28,2027-03-27,kchaudhary@kiit.in
Kiaan Chada,VIT,2023-09-15,2027-09-14,eviswanathan@vit.in
Kabir Suresh,MIT WPU,2023-07-23,2027-07-22,rohanverma@mitwpu.in
Kartik Gandhi,VIT,2023-06-23,2027-06-22,gsharaf@vit.in
Kartik Mahal,MIT WPU,2022-12-04,2026-12-03,toorvihaan@mitwpu.in
Vihaan Chakraborty,IIT D,2023-08-29,2027-08-28,maharajshray@iitd.in
Shamik Comar,KIIT,2023-05-20,2027-05-19,jaggiseher@kiit.in
Himmat Toor,MIT WPU,2023-04-28,2027-04-27,cbakshi@mitwpu.in
Saksham Sura,KIIT,2022-12-01,2026-11-30,samaira11@kiit.in
Nirvi Anand,IIT D,2023-06-08,2027-06-07,aaryahi69@iitd.in
Miraya Bedi,MIT WPU,2022-12-04,2026-12-03,azadsathe@mitwpu.in
Sara Dasgupta,MIT WPU,2023-06-02,2027-06-01,nvig@mitwpu.in
Mohanlal Goswami,IIT D,2023-03-04,2027-03-03,keyabhatt@iitd.in
Taran Thakur,KIIT,2023-09-13,2027-09-12,bsamra@kiit.in
Vivaan Singh,VIT,2023-01-05,2027-01-04,semanvi@vit.in
Anaya Chopra,MIT WPU,2023-08-15,2027-08-14,nraval@mitwpu.in
Eshani Srinivas,IIT D,2023-10-16,2027-10-15,nityamall@iitd.in
Yuvraj  Sunder,VIT,2023-10-09,2027-10-08,zainabhardwaj@vit.in
Anya Bath,MIT WPU,2023-05-24,2027-05-23,bosekavya@mitwpu.in
Trisha Kuruvilla,IIT D,2023-06-01,2027-05-31,vidurchopra@iitd.in
Yakshit Loyal,VIT,2023-04-09,2027-04-08,jivikabajwa@vit.in
Vidur Konda,MIT WPU,2023-06-17,2027-06-16,veer23@mitwpu.in
Saira Chatterjee,MIT WPU,2023-10-30,2027-10-29,shraykaran@mitwpu.in
Zaina Ganesan,IIT D,2023-04-24,2027-04-23,kabirreddy@iitd.in
Biju Sridhar,VIT,2022-12-03,2026-12-02,sodhidrishya@vit.in
Adah Vaidya,MIT WPU,2023-09-30,2027-09-29,adah59@mitwpu.in
Kartik Ratti,KIIT,2023-01-11,2027-01-10,kumerkabir@kiit.in
Shray Sandal,VIT,2023-02-09,2027-02-08,gargkrish@vit.in
Siya Bassi,KIIT,2022-12-22,2026-12-21,yasmindin@kiit.in
Faiyaz Jaggi,KIIT,2023-09-26,2027-09-25,samar67@kiit.in
Khushi Roy,MIT WPU,2023-03-09,2027-03-08,anahitak@mitwpu.in
Onkar Kulkarni,IIT D,2023-02-28,2027-02-27,ssibal@iitd.in
Dhanuk Date,IIT D,2023-05-21,2027-05-20,mray@iitd.in
Diya Goyal,IIT D,2023-10-16,2027-10-15,reddydrishya@iitd.in
Sana Dhar,MIT WPU,2023-02-02,2027-02-01,biryasmin@mitwpu.in
Indrans Mane,MIT WPU,2023-03-13,2027-03-12,swamyumang@mitwpu.in
Mishti Sule,MIT WPU,2023-03-09,2027-03-08,kgolla@mitwpu.in
Ranbir Mangal,MIT WPU,2023-05-15,2027-05-14,grastogi@mitwpu.in
Baiju Zacharia,MIT WPU,2023-09-01,2027-08-31,nbalasubramanian@mitwpu.in
Samiha Shah,MIT WPU,2023-06-02,2027-06-01,varkeyanahita@mitwpu.in
Shalv Sarna,MIT WPU,2023-09-13,2027-09-12,faiyazvora@mitwpu.in
Shalv Seshadri,MIT WPU,2023-03-01,2027-02-28,balhimmat@mitwpu.in
Azad Konda,VIT,2023-06-23,2027-06-22,kalitadarshit@vit.in
Advika Sane,KIIT,2023-05-03,2027-05-02,jtrivedi@kiit.in
Jivin Som,KIIT,2022-12-22,2026-12-21,wshankar@kiit.in
Mishti Sarna,VIT,2023-08-17,2027-08-16,gatik23@vit.in
Dhanuk Shukla,KIIT,2023-05-06,2027-05-05,piyareddy@kiit.in
Prisha Kohli,VIT,2023-11-10,2027-11-09,waliyakshit@vit.in
Mishti Chada,MIT WPU,2023-05-01,2027-04-30,pari41@mitwpu.in
Anay Lanka,IIT D,2023-01-20,2027-01-19,grewallagan@iitd.in
Ishita Chandran,VIT,2022-12-08,2026-12-07,ritvik00@vit.in
Riya Sathe,VIT,2023-10-05,2027-10-04,zrout@vit.in
Riaan Lad,KIIT,2022-12-19,2026-12-18,jayesh61@kiit.in
Mahika Sibal,VIT,2023-07-09,2027-07-08,vivaandhingra@vit.in
Vivaan Andra,MIT WPU,2023-03-31,2027-03-30,ranalagan@mitwpu.in
Sana Bhavsar,KIIT,2023-10-16,2027-10-15,aaryahibose@kiit.in
Fateh Gupta,KIIT,2023-08-11,2027-08-10,gatik15@kiit.in
Advik Korpal,IIT D,2023-11-19,2027-11-18,farhan09@iitd.in
Nishith Dhillon,VIT,2023-08-02,2027-08-01,arhaan88@vit.in
Elakshi Dora,KIIT,2023-11-28,2027-11-27,draja@kiit.in
Charvi Lala,VIT,2023-09-22,2027-09-21,jhaveriela@vit.in
Dhruv Chaudhuri,KIIT,2023-11-10,2027-11-09,navya41@kiit.in
Tanya Deep,KIIT,2023-02-07,2027-02-06,rohankulkarni@kiit.in
Purab Sarna,MIT WPU,2023-11-18,2027-11-17,bhavin00@mitwpu.in
Aayush Date,MIT WPU,2022-12-27,2026-12-26,riaan82@mitwpu.in
Saanvi Mangat,VIT,2023-10-02,2027-10-01,chadhaishaan@vit.in
Advika Warrior,VIT,2022-12-07,2026-12-06,gedwin@vit.in
Kaira Khatri,MIT WPU,2023-05-29,2027-05-28,vbadami@mitwpu.in
Tejas Khare,MIT WPU,2023-06-26,2027-06-25,doraeva@mitwpu.in
Biju Dada,KIIT,2023-03-29,2027-03-28,myramall@kiit.in
Kimaya Dixit,MIT WPU,2022-12-01,2026-11-30,nayantara83@mitwpu.in
Drishya Kade,KIIT,2023-09-13,2027-09-12,taragoswami@kiit.in
Hazel Setty,KIIT,2023-10-05,2027-10-04,hanshkhare@kiit.in
Prisha Zachariah,IIT D,2023-01-19,2027-01-18,sgandhi@iitd.in
Drishya Kapur,MIT WPU,2023-04-11,2027-04-10,vsuresh@mitwpu.in
Tara Thaker,VIT,2023-03-05,2027-03-04,choudhrykiaan@vit.in
Parinaaz Krishna,IIT D,2023-02-05,2027-02-04,zainbhatti@iitd.in
Samiha Kade,VIT,2023-07-30,2027-07-29,anay53@vit.in
Jivika Lall,VIT,2023-03-07,2027-03-06,tanyaahuja@vit.in
Zoya Korpal,KIIT,2023-02-17,2027-02-16,anaya32@kiit.in
Amani Kalla,KIIT,2022-12-06,2026-12-05,inaaya-mall@kiit.in
Zoya Bajwa,MIT WPU,2023-03-02,2027-03-01,kandavanya@mitwpu.in
Kimaya Doctor,VIT,2023-10-13,2027-10-12,kotaryan@vit.in
Eshani Ramachandran,IIT D,2023-09-20,2027-09-19,tushar65@iitd.in
Romil Kale,KIIT,2023-04-09,2027-04-08,guhanakul@kiit.in
Ivan Vasa,IIT D,2023-10-14,2027-10-13,deyshayak@iitd.in
Yasmin Wagle,IIT D,2023-07-03,2027-07-02,bratti@iitd.in
Madhup Shroff,VIT,2023-03-14,2027-03-13,ranbir66@vit.in
Ryan Loke,MIT WPU,2023-08-08,2027-08-07,vidur34@mitwpu.in
Prerak Karan,VIT,2023-04-09,2027-04-08,vanya33@vit.in
Pari Kurian,KIIT,2023-04-11,2027-04-10,krishhunar@kiit.in
Kavya Gade,IIT D,2022-12-01,2026-11-30,fateh97@iitd.in
Azad Trivedi,IIT D,2023-07-08,2027-07-07,comarindranil@iitd.in
Inaaya  Khalsa,IIT D,2023-06-03,2027-06-02,ivohra@iitd.in
Shlok Krishnamurthy,KIIT,2022-12-29,2026-12-28,usarma@kiit.in
Aarna Bhandari,KIIT,2023-02-11,2027-02-10,udhillon@kiit.in
Keya Wagle,VIT,2023-11-29,2027-11-28,inaaya-char@vit.in
Samaira Barad,IIT D,2023-01-28,2027-01-27,anneivana@iitd.in
Jivika Sangha,KIIT,2023-06-30,2027-06-29,bhatttiya@kiit.in
Taran Sengupta,MIT WPU,2023-01-29,2027-01-28,bhavinvarkey@mitwpu.in
Yuvaan Dhaliwal,IIT D,2023-05-27,2027-05-26,hiranchaudhary@iitd.in
Prisha Handa,MIT WPU,2023-06-22,2027-06-21,fagate@mitwpu.in
Dishani Ray,VIT,2023-08-23,2027-08-22,veerkhurana@vit.in
Sara Chawla,VIT,2023-07-19,2027-07-18,tarini47@vit.in
Vritika Rana,MIT WPU,2023-09-23,2027-09-22,anandtushar@mitwpu.in
Ela Ramakrishnan,IIT D,2023-03-11,2027-03-10,yyadav@iitd.in
Eshani Goyal,VIT,2023-11-25,2027-11-24,sethvivaan@vit.in
Siya Dua,VIT,2023-04-02,2027-04-01,saira40@vit.in
Ishaan Choudhury,MIT WPU,2023-09-17,2027-09-16,mamble@mitwpu.in
Suhana De,MIT WPU,2023-07-29,2027-07-28,esastry@mitwpu.in
Saanvi Sampath,MIT WPU,2023-10-12,2027-10-11,andradarshit@mitwpu.in
Vanya Butala,MIT WPU,2023-05-17,2027-05-16,prishachander@mitwpu.in
Rasha Bhatt,KIIT,2023-11-05,2027-11-04,tejasgoel@kiit.in
Madhav Dixit,MIT WPU,2022-12-02,2026-12-01,rheadeep@mitwpu.in
Seher Savant,KIIT,2023-05-28,2027-05-27,baijukarnik@kiit.in
Rhea Verma,KIIT,2023-02-13,2027-02-12,riaanbatta@kiit.in
Romil Seth,MIT WPU,2023-03-04,2027-03-03,kumarmyra@mitwpu.in
Dhanush Hora,IIT D,2023-11-06,2027-11-05,romil39@iitd.in
Adira Bhandari,VIT,2023-03-16,2027-03-15,mishti09@vit.in
Yuvaan Dalal,VIT,2023-10-05,2027-10-04,wadhwaprerak@vit.in
Mamooty Dua,KIIT,2023-05-18,2027-05-17,ishaan45@kiit.in
Divit Date,VIT,2023-07-31,2027-07-30,neysasidhu@vit.in
Anya Rege,KIIT,2023-08-15,2027-08-14,shanayagoswami@kiit.in
Ritvik Chaudhari,KIIT,2023-07-14,2027-07-13,zain40@kiit.in
Veer Tella,VIT,2023-06-24,2027-06-23,bhavinsoni@vit.in
Jivika Lad,KIIT,2023-05-27,2027-05-26,trishatoor@kiit.in
Veer Dash,VIT,2023-09-19,2027-09-18,devanarhaan@vit.in
Indrans Saini,MIT WPU,2023-11-14,2027-11-13,agrover@mitwpu.in
Seher Karnik,KIIT,2023-01-09,2027-01-08,samar21@kiit.in
Khushi Kale,KIIT,2023-01-17,2027-01-16,pyohannan@kiit.in
Anay Chacko,KIIT,2023-04-18,2027-04-17,lavanyadass@kiit.in
Alisha Krishnan,IIT D,2023-05-22,2027-05-21,nitya09@iitd.in
Raunak Rama,IIT D,2023-06-03,2027-06-02,ivangara@iitd.in
Anahi Sandhu,IIT D,2023-10-06,2027-10-05,dasalisha@iitd.in
Taimur Bir,IIT D,2023-08-29,2027-08-28,tejasraman@iitd.in
Tara Bobal,IIT D,2022-12-09,2026-12-08,qbuch@iitd.in
Umang Keer,VIT,2023-05-31,2027-05-30,shazara@vit.in
Emir Johal,MIT WPU,2023-08-25,2027-08-24,tusharmaharaj@mitwpu.in
Anay Bedi,VIT,2023-06-29,2027-06-28,rheatiwari@vit.in
Shray Dugar,VIT,2023-04-21,2027-04-20,tarinikhatri@vit.in
Ela Chacko,IIT D,2023-06-24,2027-06-23,raghavsuri@iitd.in
Kartik Ramachandran,MIT WPU,2023-07-14,2027-07-13,jiyagokhale@mitwpu.in
Ivana Biswas,VIT,2023-10-15,2027-10-14,samarth29@vit.in
Ela Goda,IIT D,2022-12-11,2026-12-10,jayantbhatt@iitd.in
Oorja Rajagopalan,MIT WPU,2023-07-08,2027-07-07,lrastogi@mitwpu.in
Stuvan Suri,KIIT,2023-08-15,2027-08-14,sarafarhaan@kiit.in
Jivika Shan,VIT,2023-07-15,2027-07-14,ivana29@vit.in
Kiaan Kapoor,IIT D,2023-09-28,2027-09-27,iramesh@iitd.in
Anya Ravel,MIT WPU,2023-10-26,2027-10-25,ahluwaliaraunak@mitwpu.in
Keya Hans,MIT WPU,2023-06-12,2027-06-11,oorja06@mitwpu.in
Inaaya  Jani,IIT D,2022-12-18,2026-12-17,mhegde@iitd.in
Arhaan Gole,KIIT,2023-08-16,2027-08-15,hmanda@kiit.in
Aarna Solanki,VIT,2023-08-24,2027-08-23,hrishita23@vit.in
Mamooty Divan,VIT,2022-12-03,2026-12-02,zeeshanray@vit.in
Diya Bal,KIIT,2023-10-23,2027-10-22,keya78@kiit.in
Hiran Butala,VIT,2023-10-18,2027-10-17,bshukla@vit.in
Shamik Sen,VIT,2023-05-07,2027-05-06,purabbumb@vit.in
Mohanlal Subramaniam,IIT D,2023-11-18,2027-11-17,kalitamadhav@iitd.in
Emir Mangat,VIT,2023-09-28,2027-09-27,inaaya-venkatesh@vit.in
Indranil Amble,MIT WPU,2023-04-09,2027-04-08,osodhi@mitwpu.in
Alisha Andra,KIIT,2023-08-08,2027-08-07,tushar58@kiit.in
Pranay Tak,MIT WPU,2023-06-14,2027-06-13,kavyatank@mitwpu.in
Jayan Majumdar,VIT,2023-08-04,2027-08-03,kalitamisha@vit.in
Vivaan Brahmbhatt,VIT,2023-07-01,2027-06-30,shamikahluwalia@vit.in
Misha Reddy,MIT WPU,2023-04-30,2027-04-29,sanedarshit@mitwpu.in
Lakshit Dara,IIT D,2023-02-20,2027-02-19,advikawali@iitd.in
Kiaan Basu,KIIT,2023-10-14,2027-10-13,trishadeshpande@kiit.in
Chirag Bhandari,KIIT,2023-06-24,2027-06-23,cheriantarini@kiit.in
Ryan Handa,VIT,2023-04-10,2027-04-09,prerak54@vit.in
Nakul Bhagat,KIIT,2023-09-01,2027-08-31,xkurian@kiit.in
Adah Sachar,KIIT,2023-04-02,2027-04-01,amani29@kiit.in
Badal Goda,MIT WPU,2023-08-23,2027-08-22,eva71@mitwpu.in
Jhanvi Halder,KIIT,2023-04-29,2027-04-28,yohannandhanuk@kiit.in
Renee Johal,IIT D,2023-08-21,2027-08-20,choudhuryrania@iitd.in
Ishaan Thaman,KIIT,2023-10-22,2027-10-21,tarini25@kiit.in
Eva Ben,VIT,2023-08-14,2027-08-13,laganrout@vit.in
Krish Khare,KIIT,2023-03-12,2027-03-11,vasapranay@kiit.in
Yasmin Kala,KIIT,2023-03-25,2027-03-24,tsaini@kiit.in
Indrajit Walla,VIT,2023-09-22,2027-09-21,baiju12@vit.in
Ojas Goda,KIIT,2023-02-26,2027-02-25,sarayogi@kiit.in
Jhanvi Sur,VIT,2023-10-04,2027-10-03,swaminathannirvi@vit.in
Raunak Shenoy,KIIT,2023-09-25,2027-09-24,chaudhrysamaira@kiit.in
Nitara Dugar,IIT D,2023-11-11,2027-11-10,samayakshit@iitd.in
Veer Bhat,IIT D,2023-10-14,2027-10-13,bbhatti@iitd.in
Jhanvi Sathe,VIT,2023-09-21,2027-09-20,bathprerak@vit.in
Kimaya Dhingra,KIIT,2023-03-17,2027-03-16,badal40@kiit.in
Drishya Borde,VIT,2023-04-10,2027-04-09,ythaker@vit.in
Sahil Chopra,VIT,2023-11-07,2027-11-06,chawlaarmaan@vit.in
Anya Ganesan,KIIT,2023-11-05,2027-11-04,samarthkanda@kiit.in
Jivin Deshmukh,VIT,2023-10-13,2027-10-12,anahita81@vit.in
Shlok Dalal,MIT WPU,2023-08-01,2027-07-31,purab76@mitwpu.in
Ahana  Sinha,IIT D,2023-04-26,2027-04-25,sara69@iitd.in
Raghav Loke,IIT D,2023-01-23,2027-01-22,romil45@iitd.in
Damini Sarna,IIT D,2023-05-02,2027-05-01,nitaradara@iitd.in
Nirvaan Bora,KIIT,2023-11-06,2027-11-05,dkurian@kiit.in
Ritvik Mangal,KIIT,2023-10-22,2027-10-21,ikhare@kiit.in
Ishita Ganesh,IIT D,2023-02-08,2027-02-07,onkarjohal@iitd.in
Adah Setty,MIT WPU,2023-03-12,2027-03-11,yakshit60@mitwpu.in
Biju Sheth,KIIT,2023-01-04,2027-01-03,goyalmadhav@kiit.in
Aradhya Hayer,IIT D,2023-04-01,2027-03-31,ishita88@iitd.in
Madhup Khalsa,VIT,2023-04-10,2027-04-09,gaurora@vit.in
Onkar Setty,KIIT,2023-02-11,2027-02-10,devansh30@kiit.in
Anahita Mane,VIT,2023-10-18,2027-10-17,riaan59@vit.in
Priyansh Varty,MIT WPU,2023-06-03,2027-06-02,kantdivyansh@mitwpu.in
Lakshit Edwin,VIT,2023-11-01,2027-10-31,babuanika@vit.in
Ehsaan Ganesh,KIIT,2022-12-19,2026-12-18,korpalparinaaz@kiit.in
Misha Chaudhry,IIT D,2023-01-15,2027-01-14,mishti16@iitd.in
Suhana Dhingra,KIIT,2023-08-24,2027-08-23,krishojas@kiit.in
Pihu Desai,VIT,2023-02-28,2027-02-27,rohan58@vit.in
Riaan Kibe,MIT WPU,2022-12-02,2026-12-01,borrahridaan@mitwpu.in
Neysa Suri,IIT D,2023-11-19,2027-11-18,sswaminathan@iitd.in
Rati Bhalla,KIIT,2023-09-01,2027-08-31,dugaradira@kiit.in
Rati Maharaj,VIT,2023-06-03,2027-06-02,nehmat80@vit.in
Jivika Lall,MIT WPU,2023-04-15,2027-04-14,rasha62@mitwpu.in
Drishya Jayaraman,VIT,2022-12-12,2026-12-11,mirayasaran@vit.in
Piya Loyal,IIT D,2023-05-25,2027-05-24,ssaha@iitd.in
Faiyaz Dubey,IIT D,2023-04-05,2027-04-04,nirvivarughese@iitd.in
Zeeshan Bajaj,KIIT,2023-03-20,2027-03-19,ivana07@kiit.in
Aaina Sama,KIIT,2023-03-26,2027-03-25,raghavkhanna@kiit.in
Vivaan Sehgal,IIT D,2023-05-27,2027-05-26,dhanukchoudhary@iitd.in
Anvi Mane,IIT D,2022-12-14,2026-12-13,drishyabatra@iitd.in
Himmat Tiwari,KIIT,2023-10-21,2027-10-20,prerak25@kiit.in
Saksham Kala,MIT WPU,2023-05-12,2027-05-11,yogikashvi@mitwpu.in
Neysa Deep,IIT D,2023-01-26,2027-01-25,eva58@iitd.in
Lakshay Zachariah,MIT WPU,2023-02-28,2027-02-27,chandanehmat@mitwpu.in
Anahi Kashyap,VIT,2023-02-11,2027-02-10,mmangal@vit.in
Yasmin Bhargava,IIT D,2023-04-16,2027-04-15,jivin59@iitd.in
Jivin Bhatia,KIIT,2023-04-27,2027-04-26,rsachar@kiit.in
Seher Lata,IIT D,2022-12-05,2026-12-04,bassirati@iitd.in
Elakshi Sundaram,MIT WPU,2023-02-09,2027-02-08,iagrawal@mitwpu.in
Mehul Bains,KIIT,2023-05-05,2027-05-04,arhaan51@kiit.in
Ishaan Dixit,MIT WPU,2023-11-06,2027-11-05,devanya@mitwpu.in
Priyansh Mander,IIT D,2023-08-18,2027-08-17,vermasaksham@iitd.in
Raghav Atwal,VIT,2023-01-23,2027-01-22,aniruddh38@vit.in
Aaryahi Agarwal,KIIT,2023-08-23,2027-08-22,yuvraj-79@kiit.in
Nirvaan Johal,VIT,2023-11-11,2027-11-10,faiyaz90@vit.in
Seher Som,IIT D,2023-01-01,2026-12-31,jayantgarde@iitd.in
Tiya Lall,MIT WPU,2023-10-01,2027-09-30,karanyakshit@mitwpu.in
Keya Sura,MIT WPU,2023-01-10,2027-01-09,ebanerjee@mitwpu.in
Hrishita Tiwari,IIT D,2023-06-11,2027-06-10,tbassi@iitd.in
Amira Kari,KIIT,2023-05-23,2027-05-22,ishitavenkataraman@kiit.in
Akarsh Sura,KIIT,2023-01-10,2027-01-09,vchadha@kiit.in
Nishith Sachdeva,MIT WPU,2023-09-17,2027-09-16,udesai@mitwpu.in
Kabir Ben,VIT,2023-02-03,2027-02-02,kanav16@vit.in
Lagan Kurian,MIT WPU,2023-03-29,2027-03-28,chiragkapadia@mitwpu.in
Sahil Mahajan,IIT D,2023-08-08,2027-08-07,isaxena@iitd.in
Rati Yohannan,KIIT,2023-08-04,2027-08-03,gloke@kiit.in
Seher Shere,IIT D,2023-06-04,2027-06-03,walladrishya@iitd.in
Miraya Dhar,MIT WPU,2023-03-19,2027-03-18,lagan50@mitwpu.in
Kabir Dasgupta,MIT WPU,2023-07-29,2027-07-28,bawazoya@mitwpu.in
Vanya Setty,KIIT,2023-10-11,2027-10-10,doshiemir@kiit.in
Taimur Rattan,IIT D,2022-12-18,2026-12-17,zchaudhuri@iitd.in
Rati Dani,IIT D,2023-09-24,2027-09-23,ranataran@iitd.in
Divyansh De,VIT,2023-11-19,2027-11-18,fatehkrishna@vit.in
Ritvik Basak,VIT,2022-12-08,2026-12-07,rwali@vit.in
Raghav Chada,VIT,2023-01-27,2027-01-26,kimayabrar@vit.in
Himmat Char,IIT D,2023-04-05,2027-04-04,hiran62@iitd.in
Baiju Sarna,MIT WPU,2023-09-22,2027-09-21,umanggarde@mitwpu.in
Anvi Mander,IIT D,2023-04-18,2027-04-17,vkakar@iitd.in
Tara Rastogi,VIT,2023-01-05,2027-01-04,nsrinivasan@vit.in
Samarth Sami,IIT D,2022-12-04,2026-12-03,miraangaba@iitd.in
Lakshay Roy,KIIT,2023-05-02,2027-05-01,sulefarhan@kiit.in
Himmat Koshy,KIIT,2023-09-09,2027-09-08,priyansh92@kiit.in
Sahil Ahluwalia,KIIT,2023-04-23,2027-04-22,sanasibal@kiit.in
Jivika Balakrishnan,KIIT,2023-03-10,2027-03-09,jayan97@kiit.in
Alisha Keer,MIT WPU,2023-01-05,2027-01-04,samar82@mitwpu.in
Samar Dash,MIT WPU,2023-07-25,2027-07-24,parinaaz54@mitwpu.in
Diya Kothari,VIT,2023-01-22,2027-01-21,sharafmanikya@vit.in
Nayantara Sibal,VIT,2023-05-29,2027-05-28,shraykeer@vit.in
Vanya Hegde,KIIT,2023-08-10,2027-08-09,bariasamaira@kiit.in
Ela Upadhyay,MIT WPU,2022-12-11,2026-12-10,balakrishnanvritika@mitwpu.in
Manikya Borde,IIT D,2023-06-23,2027-06-22,eshanisabharwal@iitd.in
Farhan Kata,MIT WPU,2023-07-26,2027-07-25,vivaanbalakrishnan@mitwpu.in
Tushar Baral,IIT D,2023-08-12,2027-08-11,vyasrohan@iitd.in
Ishita Bala,MIT WPU,2023-10-30,2027-10-29,kapadiashayak@mitwpu.in
Alia Brar,VIT,2023-08-08,2027-08-07,mganesh@vit.in
Mahika Madan,VIT,2023-06-26,2027-06-25,ukapadia@vit.in
Mannat Chacko,MIT WPU,2023-02-06,2027-02-05,mahikatandon@mitwpu.in
Neelofar Chadha,KIIT,2023-10-15,2027-10-14,xkade@kiit.in
Aaina Chauhan,IIT D,2023-03-30,2027-03-29,nakul86@iitd.in
Krish Dixit,KIIT,2023-09-19,2027-09-18,tkata@kiit.in
Indranil Bhatia,VIT,2023-07-12,2027-07-11,kashvisant@vit.in
Kiara Kumer,MIT WPU,2023-03-29,2027-03-28,ahana-gill@mitwpu.in
Onkar Bhavsar,VIT,2023-03-27,2027-03-26,ujhaveri@vit.in
Hazel Tank,IIT D,2023-01-16,2027-01-15,varmalagan@iitd.in
Zara Luthra,MIT WPU,2023-03-24,2027-03-23,ramachandrankiaan@mitwpu.in
Siya Mander,IIT D,2023-08-16,2027-08-15,uthkarshkari@iitd.in
Shanaya Shetty,KIIT,2023-11-04,2027-11-03,samarthrout@kiit.in
Romil Bhat,KIIT,2023-02-13,2027-02-12,kimaya90@kiit.in
Hansh Borde,MIT WPU,2023-11-22,2027-11-21,somanahana@mitwpu.in
Vihaan Rau,MIT WPU,2023-06-08,2027-06-07,iramanathan@mitwpu.in
Miraan Butala,MIT WPU,2023-10-18,2027-10-17,umang74@mitwpu.in
Shlok Grewal,VIT,2023-05-31,2027-05-30,aayushvora@vit.in
Tiya Bhat,IIT D,2023-06-28,2027-06-27,iramadan@iitd.in
Saksham Dey,VIT,2023-03-05,2027-03-04,khushi57@vit.in
Vihaan Mangal,VIT,2023-02-19,2027-02-18,ukata@vit.in
Adira Bassi,MIT WPU,2023-09-14,2027-09-13,krout@mitwpu.in
Ayesha Rajan,VIT,2023-10-11,2027-10-10,yogidiya@vit.in
Manikya Barad,IIT D,2023-09-05,2027-09-04,zainachatterjee@iitd.in
Prerak Kakar,MIT WPU,2023-09-24,2027-09-23,elall@mitwpu.in
Akarsh Kunda,VIT,2023-09-28,2027-09-27,kiaanhora@vit.in
Dhruv Koshy,KIIT,2023-08-29,2027-08-28,mkrishnan@kiit.in
Chirag Bains,KIIT,2023-07-13,2027-07-12,pihudevan@kiit.in
Shaan Raju,VIT,2023-09-09,2027-09-08,ritvikbarad@vit.in
Kanav Bahri,MIT WPU,2023-10-28,2027-10-27,jhakeya@mitwpu.in
Ela Deep,VIT,2023-04-10,2027-04-09,tejassehgal@vit.in
Rania Srinivas,IIT D,2023-03-06,2027-03-05,piya72@iitd.in
Dhruv Hora,MIT WPU,2023-05-12,2027-05-11,arhaantara@mitwpu.in
Sara Chander,VIT,2022-12-13,2026-12-12,jayan00@vit.in
Damini Barad,KIIT,2023-07-03,2027-07-02,eganesan@kiit.in
Stuvan Dhaliwal,IIT D,2023-03-20,2027-03-19,dishani48@iitd.in
Kiara Atwal,KIIT,2023-09-01,2027-08-31,alishabhagat@kiit.in
Dharmajan Trivedi,KIIT,2023-09-09,2027-09-08,bhatdevansh@kiit.in
Ayesha Chahal,MIT WPU,2023-05-17,2027-05-16,fsetty@mitwpu.in
Dhanuk Chad,MIT WPU,2023-11-16,2027-11-15,rshroff@mitwpu.in
Diya Deshmukh,VIT,2023-04-25,2027-04-24,navya57@vit.in
Prerak Gola,MIT WPU,2022-12-06,2026-12-05,rohan18@mitwpu.in
Kiaan Sabharwal,KIIT,2023-06-04,2027-06-03,chatterjeemishti@kiit.in
Hiran Dar,MIT WPU,2023-06-20,2027-06-19,xkulkarni@mitwpu.in
Yakshit Dada,MIT WPU,2023-04-02,2027-04-01,tarabaiju@mitwpu.in
Shaan Srivastava,VIT,2022-12-19,2026-12-18,ambleaniruddh@vit.in
Vaibhav Thaman,KIIT,2023-09-22,2027-09-21,kuruvillataimur@kiit.in
Advika Dixit,VIT,2023-06-25,2027-06-24,xguha@vit.in
Mahika Chada,VIT,2023-10-24,2027-10-23,shuklapiya@vit.in
Trisha Konda,VIT,2022-12-24,2026-12-23,hunar82@vit.in
Jivin Ganesan,KIIT,2023-11-20,2027-11-19,nsandal@kiit.in
Sana Swamy,KIIT,2023-11-17,2027-11-16,fatehbaria@kiit.in
Madhup Buch,MIT WPU,2023-08-12,2027-08-11,kmand@mitwpu.in
Heer Doctor,KIIT,2023-02-22,2027-02-21,jainvivaan@kiit.in
Vihaan Mangal,IIT D,2023-03-22,2027-03-21,dhaliwaladvika@iitd.in
Rasha Dube,KIIT,2023-10-17,2027-10-16,gsarraf@kiit.in
Manjari Dhingra,KIIT,2023-10-12,2027-10-11,laltara@kiit.in
Dishani Biswas,MIT WPU,2023-03-14,2027-03-13,bumbdharmajan@mitwpu.in
Suhana Wable,VIT,2023-09-05,2027-09-04,soodsamaira@vit.in
Zoya Sarin,KIIT,2023-02-07,2027-02-06,myra59@kiit.in
Samar Keer,MIT WPU,2023-06-03,2027-06-02,earya@mitwpu.in
Arnav Gulati,IIT D,2022-12-14,2026-12-13,boaseela@iitd.in
Ishita Doshi,IIT D,2023-03-09,2027-03-08,gourdhruv@iitd.in
Tarini Kashyap,VIT,2023-06-13,2027-06-12,tgoswami@vit.in
Amira Tella,VIT,2023-01-24,2027-01-23,khushi45@vit.in
Sana Suri,VIT,2022-12-24,2026-12-23,rohansodhi@vit.in
Urvi Srivastava,MIT WPU,2023-01-18,2027-01-17,kanavsaha@mitwpu.in
Divyansh Cherian,VIT,2023-08-27,2027-08-26,isandhu@vit.in
Akarsh Saraf,KIIT,2023-09-18,2027-09-17,aarna67@kiit.in
Saanvi Dass,MIT WPU,2023-10-30,2027-10-29,veer31@mitwpu.in
Gatik Gour,MIT WPU,2023-04-24,2027-04-23,rajaahana@mitwpu.in
Raunak Tandon,VIT,2023-08-04,2027-08-03,saksham44@vit.in
Hunar Borah,VIT,2023-05-04,2027-05-03,deogatik@vit.in
Piya Chahal,VIT,2023-02-17,2027-02-16,navyasridhar@vit.in
Yuvraj  Contractor,KIIT,2023-02-02,2027-02-01,dgera@kiit.in
Samiha Kar,KIIT,2022-12-31,2026-12-30,oorja02@kiit.in
Divyansh Jayaraman,VIT,2023-09-19,2027-09-18,alia42@vit.in
Kimaya Kala,VIT,2023-04-16,2027-04-15,samihakari@vit.in
Reyansh Deshpande,MIT WPU,2023-10-21,2027-10-20,lakshit26@mitwpu.in
Dishani Tara,KIIT,2023-06-20,2027-06-19,heerbarad@kiit.in
Kiaan Chahal,VIT,2023-03-22,2027-03-21,alia45@vit.in
Dhanush Vyas,IIT D,2023-01-13,2027-01-12,wmani@iitd.in
Damini Joshi,MIT WPU,2023-02-10,2027-02-09,tanyakrishna@mitwpu.in
Manjari Gour,IIT D,2023-09-01,2027-08-31,jhanvi99@iitd.in
Hiran Viswanathan,IIT D,2023-08-21,2027-08-20,xdhar@iitd.in
Heer Batta,KIIT,2023-07-13,2027-07-12,bhamini07@kiit.in
Tanya Bhagat,KIIT,2022-12-24,2026-12-23,jkala@kiit.in
Tejas Wason,MIT WPU,2023-08-24,2027-08-23,riya18@mitwpu.in
Vidur Brahmbhatt,IIT D,2023-04-29,2027-04-28,khushi31@iitd.in
Renee Varty,KIIT,2023-04-28,2027-04-27,aradhyadas@kiit.in
Anahita Deep,MIT WPU,2023-08-06,2027-08-05,anya72@mitwpu.in
Fateh Mahajan,IIT D,2023-09-20,2027-09-19,edwinvedika@iitd.in
Manjari Gade,MIT WPU,2023-10-20,2027-10-19,ira89@mitwpu.in
Mishti Gill,MIT WPU,2023-01-08,2027-01-07,hsehgal@mitwpu.in
Anya Chaudhari,KIIT,2023-02-21,2027-02-20,ehsaan12@kiit.in
Rohan Majumdar,MIT WPU,2023-08-23,2027-08-22,raunak03@mitwpu.in
Misha Sura,KIIT,2023-11-15,2027-11-14,wsavant@kiit.in
Khushi Kata,IIT D,2022-12-08,2026-12-07,ide@iitd.in
Keya Srinivasan,KIIT,2023-02-15,2027-02-14,oorjaloke@kiit.in
Ritvik Rajagopalan,IIT D,2023-11-20,2027-11-19,lyogi@iitd.in
Kanav Vohra,MIT WPU,2023-02-26,2027-02-25,bhaktaayesha@mitwpu.in
Badal Sethi,VIT,2023-08-26,2027-08-25,lakshaydewan@vit.in
Hridaan Samra,MIT WPU,2023-02-25,2027-02-24,akarsh49@mitwpu.in
Nitara Vyas,VIT,2023-08-06,2027-08-05,chawlaazad@vit.in
Kashvi Setty,KIIT,2023-08-17,2027-08-16,tsethi@kiit.in
Miraya Doshi,VIT,2023-01-31,2027-01-30,riyadhingra@vit.in
Darshit Kapadia,MIT WPU,2023-11-18,2027-11-17,ikumar@mitwpu.in
Elakshi Dugar,KIIT,2022-12-18,2026-12-17,sarabrar@kiit.in
Samarth Sampath,KIIT,2023-09-24,2027-09-23,pchoudhry@kiit.in
Ritvik Ahuja,VIT,2023-08-17,2027-08-16,taimurkhalsa@vit.in
Advik Goswami,VIT,2023-01-26,2027-01-25,arnav97@vit.in
Hiran Lall,VIT,2023-02-11,2027-02-10,choudhrymyra@vit.in
Gokul Shankar,KIIT,2023-05-29,2027-05-28,varkeymanjari@kiit.in
Shlok Ben,MIT WPU,2023-02-08,2027-02-07,ivanawali@mitwpu.in
Miraya Bhasin,MIT WPU,2023-05-19,2027-05-18,trivedihunar@mitwpu.in
Samiha Mangat,IIT D,2023-08-13,2027-08-12,gtripathi@iitd.in
Advika Comar,MIT WPU,2023-10-17,2027-10-16,devansara@mitwpu.in
Ritvik Sane,VIT,2023-07-22,2027-07-21,korpaltarini@vit.in
Alia De,KIIT,2023-06-30,2027-06-29,anvi96@kiit.in
Stuvan Hayer,VIT,2023-04-08,2027-04-07,oviswanathan@vit.in
Farhan Atwal,KIIT,2023-05-22,2027-05-21,nirvaan33@kiit.in
Onkar Ghose,VIT,2023-05-06,2027-05-05,trisha19@vit.in
Jayant Amble,IIT D,2022-12-12,2026-12-11,sairakhare@iitd.in
Anay Lall,IIT D,2023-05-28,2027-05-27,parigoda@iitd.in
Yasmin Khurana,MIT WPU,2023-03-19,2027-03-18,sastrygatik@mitwpu.in
Advik Bhatia,IIT D,2023-04-10,2027-04-09,eshani94@iitd.in
Manjari Warrior,MIT WPU,2023-06-28,2027-06-27,magarsamiha@mitwpu.in
Vivaan Dube,MIT WPU,2023-08-20,2027-08-19,ukar@mitwpu.in
Advika Sharaf,MIT WPU,2022-12-01,2026-11-30,jivinlalla@mitwpu.in
Kimaya Char,VIT,2023-08-13,2027-08-12,zeeshandewan@vit.in
Biju Chandra,VIT,2023-09-10,2027-09-09,nirvisachdeva@vit.in
Aniruddh Ramakrishnan,KIIT,2023-10-23,2027-10-22,csarna@kiit.in
Kabir Comar,KIIT,2023-02-01,2027-01-31,choudhrytaimur@kiit.in
Dishani Dhar,IIT D,2023-10-13,2027-10-12,subramaniamindrans@iitd.in
Manjari Deo,IIT D,2023-09-18,2027-09-17,dalalmishti@iitd.in
Jayesh Tara,KIIT,2022-12-17,2026-12-16,manjari34@kiit.in
Vivaan Dasgupta,KIIT,2023-08-14,2027-08-13,sroy@kiit.in
Prisha Bala,VIT,2023-04-19,2027-04-18,bloke@vit.in
Shamik Bandi,KIIT,2023-03-12,2027-03-11,ikamdar@kiit.in
Vritika Soni,IIT D,2022-12-07,2026-12-06,aradhyakurian@iitd.in
Jhanvi Ratti,MIT WPU,2023-10-02,2027-10-01,alisha70@mitwpu.in
Rania Date,VIT,2023-03-29,2027-03-28,frout@vit.in
Taran Dhar,VIT,2023-07-01,2027-06-30,vivaan42@vit.in
Aarna Singh,KIIT,2023-03-06,2027-03-05,sulejivin@kiit.in
Ishaan Desai,MIT WPU,2023-08-30,2027-08-29,annenavya@mitwpu.in
Aradhya Gera,IIT D,2023-07-07,2027-07-06,gatikiyer@iitd.in
Shaan Sahota,KIIT,2022-12-25,2026-12-24,keerbhavin@kiit.in
Samar Varghese,MIT WPU,2023-09-15,2027-09-14,bbajwa@mitwpu.in
Raunak Ravel,IIT D,2023-09-17,2027-09-16,bkapadia@iitd.in
Uthkarsh Talwar,IIT D,2023-05-20,2027-05-19,boramyra@iitd.in
Anika Bassi,VIT,2023-09-26,2027-09-25,aaina58@vit.in
Damini Bava,KIIT,2023-06-09,2027-06-08,mishtishankar@kiit.in
Elakshi Dhawan,KIIT,2023-05-09,2027-05-08,fmanda@kiit.in
